Enlace,Baños,Área Construida,Antigüedad,Habitaciones,Parqueaderos,Área Privada,Estrato,Administración,Piso N°,Acepta mascotas,Documentación requerida,Estado,Cantidad de pisos,Contrato Mínimo,Precio,Latitud,Longitud
https://www.fincaraiz.com.co/apartamento-en-arriendo-en-ibague/192614181,2,78 m2,¡Pregúntale!,3,1,¡Pregúntale!,4,¡Pregúntale!,¡Pregúntale!,¡Pregúntale!,¡Pregúntale!,Usado,¡Pregúntale!,¡Pregúntale!,$ 1.700.000,4.4311275,-75.1802893
https://www.fincaraiz.com.co/apartamento-en-arriendo-en-la-pola-ibague/192677018,5,236 m2,9 a 15 años,5,1,157 m2,4,¡Pregúntale!,6,¡Pregúntale!,¡Pregúntale!,Usado,¡Pregúntale!,¡Pregúntale!,$ 3.000.000,4.4496067,-75.2480578
https://www.fincaraiz.com.co/apartamento-en-arriendo-en-gaitan-ibague/192120096,1,60.00  m2,1 a 8 años,2,¡Pregúntale!,60.00  m2,3,¡Pregúntale!,¡Pregúntale!,¡Pregúntale!,¡Pregúntale!,¡Pregúntale!,¡Pregúntale!,¡Pregúntale!,$ 650.000,4.4435743474833,-75.217651050068
https://www.fincaraiz.com.co/apartamento-en-arriendo-en-vergel-ibague/192515801,2,65.00  m2,1 a 8 años,2,1,¡Pregúntale!,3,¡Pregúntale!,3,¡Pregúntale!,¡Pregúntale!,¡Pregúntale!,¡Pregúntale!,¡Pregúntale!,$ 2.100.000,4.5805,-75.3754
https://www.fincaraiz.com.co/apartamento-en-arriendo-en-vergel-ibague/192790366,2,95 m2,9 a 15 años,3,1,¡Pregúntale!,Sin Definir,¡Pregúntale!,¡Pregúntale!,¡Pregúntale!,¡Pregúntale!,Usado,¡Pregúntale!,¡Pregúntale!,$ 2.200.000,4.5805,-75.3754
https://www.fincaraiz.com.co/apartamento-en-arriendo-en-arboleda-ibague/192010744,2,60 m2,menor a 1 año,3,1,58 m2,3,$ 151.000,¡Pregúntale!,¡Pregúntale!,¡Pregúntale!,Usado,¡Pregúntale!,¡Pregúntale!,$ 900.000,4.3972882,-75.146605
https://www.fincaraiz.com.co/apartamento-en-arriendo-en-la-samaria-ibague/192795358,2,80 m2,1 a 8 años,3,1,80 m2,4,¡Pregúntale!,15,¡Pregúntale!,¡Pregúntale!,Usado,¡Pregúntale!,¡Pregúntale!,$ 1.850.000,4.4230877205406,-75.176848187064
https://www.fincaraiz.com.co/apartamento-en-arriendo-en-la-samaria-ibague/192589217,1,40 m2,1 a 8 años,2,¡Pregúntale!,40 m2,3,$ 130.000,¡Pregúntale!,¡Pregúntale!,¡Pregúntale!,Usado,¡Pregúntale!,¡Pregúntale!,$ 720.000,4.4199241938459,-75.170624256134
https://www.fincaraiz.com.co/apartamento-en-arriendo-en-la-pola-ibague/192812753,4,120 m2,9 a 15 años,4,2,120 m2,3,¡Pregúntale!,8,¡Pregúntale!,¡Pregúntale!,Usado,¡Pregúntale!,¡Pregúntale!,$ 3.200.000,4.4491471528864,-75.245538633621
https://www.fincaraiz.com.co/apartamento-en-arriendo-en-el-salado-ibague/191344849,2,44.00  m2,9 a 15 años,3,¡Pregúntale!,44.00  m2,3,"$ 138,000.00",¡Pregúntale!,¡Pregúntale!,¡Pregúntale!,¡Pregúntale!,¡Pregúntale!,¡Pregúntale!,$ 562.000,4.4517669714068,-75.141644787901
https://www.fincaraiz.com.co/apartamento-en-arriendo-en-aparco-ibague/192497314,2,77 m2,1 a 8 años,3,2,77 m2,4,$ 456.000,¡Pregúntale!,¡Pregúntale!,¡Pregúntale!,Usado,¡Pregúntale!,¡Pregúntale!,$ 1.144.000,4.3897289628639,-75.166443182526
https://www.fincaraiz.com.co/apartamento-en-arriendo-en-ambala-ibague/192638309,2,58.00  m2,1 a 8 años,3,1,58.00  m2,3,"$ 145,000.00",¡Pregúntale!,¡Pregúntale!,¡Pregúntale!,¡Pregúntale!,¡Pregúntale!,¡Pregúntale!,$ 793.000,4.4617480011795,-75.204420089722
https://www.fincaraiz.com.co/apartamento-en-arriendo-en-la-samaria-ibague/192592371,1,40.00  m2,1 a 8 años,2,¡Pregúntale!,35.00  m2,2,"$ 130,000.00",¡Pregúntale!,¡Pregúntale!,¡Pregúntale!,¡Pregúntale!,¡Pregúntale!,¡Pregúntale!,$ 720.000,4.4199241938459,-75.170624256134
https://www.fincaraiz.com.co/apartamento-en-arriendo-en-cd-simon-bolivar-et-i-ibague/192596690,2,90 m2,1 a 8 años,3,1,90 m2,4,¡Pregúntale!,¡Pregúntale!,¡Pregúntale!,¡Pregúntale!,Usado,¡Pregúntale!,¡Pregúntale!,$ 1.900.000,4.4317549024315,-75.181202888489
https://www.fincaraiz.com.co/apartamento-en-arriendo-en-galan-ibague/192782746,2,73 m2,9 a 15 años,3,1,73 m2,4,¡Pregúntale!,¡Pregúntale!,¡Pregúntale!,¡Pregúntale!,Usado,¡Pregúntale!,¡Pregúntale!,$ 1.270.000,4.4302462,-75.2409001
https://www.fincaraiz.com.co/apartamento-en-arriendo-en-la-gaviota-ibague/192751071,2,"84,50 m2",9 a 15 años,3,2,80 m2,4,¡Pregúntale!,12,¡Pregúntale!,¡Pregúntale!,Usado,¡Pregúntale!,¡Pregúntale!,$ 2.200.000,4.4483461,-75.1752578
https://www.fincaraiz.com.co/apartamento-en-arriendo-en-rincon-de-piedra-pintada-ibague/192734363,3,100 m2,1 a 8 años,3,1,100 m2,5,¡Pregúntale!,¡Pregúntale!,¡Pregúntale!,¡Pregúntale!,Usado,¡Pregúntale!,¡Pregúntale!,$ 2.500.000,4.4416567,-75.2055919
https://www.fincaraiz.com.co/apartamento-en-arriendo-en-cerro-azul-del-vergel-ibague/192605502,2,97 m2,1 a 8 años,2,1,91 m2,5,¡Pregúntale!,10,¡Pregúntale!,¡Pregúntale!,Usado,¡Pregúntale!,¡Pregúntale!,$ 4.750.000,4.4527283,-75.1900626
https://www.fincaraiz.com.co/apartamento-en-arriendo-en-picaleña-y-mirolindo-ibague/192532787,2,"72,31 m2",1 a 8 años,3,1,"66,31 m2",4,¡Pregúntale!,8,¡Pregúntale!,¡Pregúntale!,Usado,8,¡Pregúntale!,$ 1.600.000,4.4112974463264,-75.171295975239
https://www.fincaraiz.com.co/apartamento-en-arriendo-en-primavera-de-entre-rios-ibague/192835541,2,75 m2,16 a 30 años,3,¡Pregúntale!,75 m2,2,¡Pregúntale!,4,¡Pregúntale!,¡Pregúntale!,Usado,¡Pregúntale!,¡Pregúntale!,$ 1.400.000,4.4468313557957,-75.194155555523
https://www.fincaraiz.com.co/apartamento-en-arriendo-en-ub-divino-niño-ibague/192444153,2,56.00  m2,16 a 30 años,3,¡Pregúntale!,56.00  m2,2,¡Pregúntale!,¡Pregúntale!,¡Pregúntale!,¡Pregúntale!,¡Pregúntale!,¡Pregúntale!,¡Pregúntale!,$ 700.000,4.4266374889924,-75.23756314069
https://www.fincaraiz.com.co/apartamento-en-arriendo-en-arkalucia-ibague/192371808,2,60 m2,1 a 8 años,1,1,56 m2,4,¡Pregúntale!,6,¡Pregúntale!,¡Pregúntale!,Usado,¡Pregúntale!,¡Pregúntale!,$ 3.500.000,4.4389163,-75.1989264
https://www.fincaraiz.com.co/apartamento-en-arriendo-en-co-torres-rfp-ibague/192416840,2,56 m2,1 a 8 años,1,1,56 m2,5,¡Pregúntale!,15,¡Pregúntale!,¡Pregúntale!,Usado,15,¡Pregúntale!,$ 2.100.000,4.4426556,-75.2044118
https://www.fincaraiz.com.co/apartamento-en-arriendo-en-picaleña-y-mirolindo-ibague/192676883,2,60.00  m2,menor a 1 año,3,1,60.00  m2,3,¡Pregúntale!,5,¡Pregúntale!,¡Pregúntale!,¡Pregúntale!,¡Pregúntale!,¡Pregúntale!,$ 1.100.000,4.4076569168096,-75.166780930317
https://www.fincaraiz.com.co/apartamento-en-arriendo-en-ibague/192180073,2,1 m2,1 a 8 años,3,1,1 m2,3,¡Pregúntale!,8,¡Pregúntale!,¡Pregúntale!,Usado,8,¡Pregúntale!,$ 650.000,4.451486,-75.141432
https://www.fincaraiz.com.co/apartamento-en-arriendo-en-picaleña-y-mirolindo-ibague/192608594,1,42 m2,1 a 8 años,2,¡Pregúntale!,39 m2,2,$ 130.000,¡Pregúntale!,¡Pregúntale!,¡Pregúntale!,Usado,¡Pregúntale!,¡Pregúntale!,$ 520.000,4.3923042105903,-75.141313076019
https://www.fincaraiz.com.co/apartamento-en-arriendo-en-santa-ana-ibague/192677128,1,56.00  m2,1 a 8 años,2,1,56.00  m2,2,¡Pregúntale!,2,¡Pregúntale!,¡Pregúntale!,¡Pregúntale!,¡Pregúntale!,¡Pregúntale!,$ 750.000,4.4453177939481,-75.1638600047
https://www.fincaraiz.com.co/apartamento-en-arriendo-en-comuna-08-ibague/192217604,1,40.00  m2,¡Pregúntale!,2,¡Pregúntale!,¡Pregúntale!,2,¡Pregúntale!,3,¡Pregúntale!,¡Pregúntale!,¡Pregúntale!,3,¡Pregúntale!,$ 1.400.000,4.4199215,-75.1706055
https://www.fincaraiz.com.co/apartamento-en-arriendo-en-picaleña-y-mirolindo-ibague/192212795,2,68 m2,menor a 1 año,3,1,68 m2,3,¡Pregúntale!,4,¡Pregúntale!,¡Pregúntale!,Usado,4,¡Pregúntale!,$ 1.250.000,4.4014387814551,-75.153205148108
https://www.fincaraiz.com.co/apartamento-en-arriendo-en-picaleña-y-mirolindo-ibague/192676084,2,68.00  m2,1 a 8 años,3,1,68.00  m2,4,¡Pregúntale!,¡Pregúntale!,¡Pregúntale!,¡Pregúntale!,¡Pregúntale!,¡Pregúntale!,¡Pregúntale!,$ 2.000.000,4.4016959309195,-75.155019443787
https://www.fincaraiz.com.co/apartamento-en-arriendo-en-aparco-ibague/192625688,2,77 m2,1 a 8 años,3,1,77 m2,3,¡Pregúntale!,¡Pregúntale!,¡Pregúntale!,¡Pregúntale!,Usado,¡Pregúntale!,¡Pregúntale!,$ 1.600.000,4.4059501941585,-75.168250966658
https://www.fincaraiz.com.co/apartamento-en-arriendo-en-picaleñita-ibague/192460944,2,60 m2,1 a 8 años,3,1,60 m2,3,$ 220.000,¡Pregúntale!,¡Pregúntale!,¡Pregúntale!,Usado,¡Pregúntale!,¡Pregúntale!,$ 880.000,4.4015038541649,-75.159058570862
https://www.fincaraiz.com.co/apartamento-en-arriendo-en-belen-ibague/192701548,2,98 m2,1 a 8 años,3,2,98 m2,4,¡Pregúntale!,¡Pregúntale!,¡Pregúntale!,¡Pregúntale!,Usado,¡Pregúntale!,¡Pregúntale!,$ 2.200.000,4.454062,-75.2273097
https://www.fincaraiz.com.co/apartamento-en-arriendo-en-varsovia-ibague/192638338,2,76.00  m2,1 a 8 años,3,1,76.00  m2,4,"$ 306,500.00",¡Pregúntale!,¡Pregúntale!,¡Pregúntale!,¡Pregúntale!,¡Pregúntale!,¡Pregúntale!,$ 1.073.500,4.4435898,-75.1982539
https://www.fincaraiz.com.co/apartamento-en-arriendo-en-cd-simon-bolivar-et-ii-ibague/192803399,2,80 m2,1 a 8 años,3,1,78 m2,4,¡Pregúntale!,5,¡Pregúntale!,¡Pregúntale!,Usado,¡Pregúntale!,¡Pregúntale!,$ 2.000.000,4.4354689,-75.1782045
https://www.fincaraiz.com.co/apartamento-en-arriendo-en-ub-los-parrales-ibague/192799758,4,210 m2,1 a 8 años,4,1,180 m2,4,¡Pregúntale!,11,¡Pregúntale!,¡Pregúntale!,Usado,¡Pregúntale!,¡Pregúntale!,$ 4.500.000,4.4370692,-75.2034429
https://www.fincaraiz.com.co/apartamento-en-arriendo-en-nuevo-bilbao-ibague/192669238,2,53 m2,9 a 15 años,3,1,53 m2,3,¡Pregúntale!,7,¡Pregúntale!,¡Pregúntale!,Usado,¡Pregúntale!,¡Pregúntale!,$ 880.000,4.4470212,-75.1529419
https://www.fincaraiz.com.co/apartamento-en-arriendo-en-comuna-08-ibague/192666097,2,57 m2,1 a 8 años,2,¡Pregúntale!,¡Pregúntale!,3,¡Pregúntale!,5,¡Pregúntale!,¡Pregúntale!,Usado,¡Pregúntale!,¡Pregúntale!,$ 1.100.000,4.4189575,-75.1701309
https://www.fincaraiz.com.co/apartamento-en-arriendo-en-la-pola-ibague/192754923,1,30 m2,1 a 8 años,1,1,30 m2,4,¡Pregúntale!,¡Pregúntale!,¡Pregúntale!,¡Pregúntale!,Usado,¡Pregúntale!,¡Pregúntale!,$ 1.100.000,4.4493542183419,-75.246643949738
https://www.fincaraiz.com.co/apartamento-en-arriendo-en-picaleña-y-mirolindo-ibague/192779435,3,80 m2,1 a 8 años,3,1,78 m2,3,¡Pregúntale!,13,¡Pregúntale!,¡Pregúntale!,Usado,¡Pregúntale!,¡Pregúntale!,$ 2.600.000,4.429528364003,-75.211224427455
https://www.fincaraiz.com.co/apartamento-en-arriendo-en-vergel-ibague/192701794,2,100 m2,1 a 8 años,3,2,100 m2,5,$ 500.000,12,¡Pregúntale!,¡Pregúntale!,Usado,¡Pregúntale!,¡Pregúntale!,$ 3.100.000,4.434979,-75.1891849
https://www.fincaraiz.com.co/apartamento-en-arriendo-en-ciudadela-comfenalco-ibague/192576356,2,72 m2,9 a 15 años,3,¡Pregúntale!,72 m2,3,¡Pregúntale!,¡Pregúntale!,¡Pregúntale!,¡Pregúntale!,Usado,¡Pregúntale!,¡Pregúntale!,$ 700.000,4.4164199,-75.14889
https://www.fincaraiz.com.co/apartamento-en-arriendo-en-picaleña-y-mirolindo-ibague/192152701,2,69.00  m2,1 a 8 años,3,1,¡Pregúntale!,4,¡Pregúntale!,10,¡Pregúntale!,¡Pregúntale!,¡Pregúntale!,¡Pregúntale!,¡Pregúntale!,$ 1.200.000,4.4149632,-75.1818019
https://www.fincaraiz.com.co/apartamento-en-arriendo-en-plazas-del-bosque-ibague/192801098,1,150 m2,¡Pregúntale!,2,¡Pregúntale!,¡Pregúntale!,3,¡Pregúntale!,1,¡Pregúntale!,¡Pregúntale!,Usado,¡Pregúntale!,¡Pregúntale!,$ 1.000.000,4.447338,-75.2018875
https://www.fincaraiz.com.co/apartamento-en-arriendo-en-centro-ibague/191707760,2,105.00  m2,más de 30 años,3,¡Pregúntale!,¡Pregúntale!,3,¡Pregúntale!,¡Pregúntale!,¡Pregúntale!,¡Pregúntale!,¡Pregúntale!,¡Pregúntale!,¡Pregúntale!,$ 700.000,4.4415602278174,-75.239811348122
https://www.fincaraiz.com.co/apartamento-en-arriendo-en-jardin-et-i-ibague/192051217,2,51 m2,16 a 30 años,3,¡Pregúntale!,50 m2,2,$ 224.500,¡Pregúntale!,¡Pregúntale!,¡Pregúntale!,Usado,¡Pregúntale!,¡Pregúntale!,$ 575.500,4.43742,-75.18375
https://www.fincaraiz.com.co/apartamento-en-arriendo-en-ibague/191707485,2,47 m2,1 a 8 años,3,¡Pregúntale!,¡Pregúntale!,3,$ 167.000,¡Pregúntale!,¡Pregúntale!,¡Pregúntale!,Usado,¡Pregúntale!,¡Pregúntale!,$ 460.000,4.4516024694949,-75.142068903363
https://www.fincaraiz.com.co/apartamento-en-arriendo-en-picaleña-y-mirolindo-ibague/192819062,2,65 m2,menor a 1 año,3,¡Pregúntale!,¡Pregúntale!,3,¡Pregúntale!,2,¡Pregúntale!,¡Pregúntale!,Usado,¡Pregúntale!,¡Pregúntale!,$ 950.000,4.407495,-75.1670501
https://www.fincaraiz.com.co/apartamento-en-arriendo-en-picaleña-y-mirolindo-ibague/192732085,1,48.00  m2,más de 30 años,2,¡Pregúntale!,48.00  m2,3,"$ 135,000.00",¡Pregúntale!,¡Pregúntale!,¡Pregúntale!,¡Pregúntale!,¡Pregúntale!,¡Pregúntale!,$ 715.000,4.4299394598584,-75.187480933964
https://www.fincaraiz.com.co/apartamento-en-arriendo-en-ub-los-ocobos-ibague/192755337,1,58 m2,16 a 30 años,2,¡Pregúntale!,58 m2,3,$ 140.000,¡Pregúntale!,¡Pregúntale!,¡Pregúntale!,Usado,¡Pregúntale!,¡Pregúntale!,$ 760.000,4.4406673746246,-75.198977311724
https://www.fincaraiz.com.co/apartamento-en-arriendo-en-comuna-08-ibague/191127246,2,53.00  m2,¡Pregúntale!,2,¡Pregúntale!,¡Pregúntale!,3,¡Pregúntale!,¡Pregúntale!,¡Pregúntale!,¡Pregúntale!,¡Pregúntale!,¡Pregúntale!,¡Pregúntale!,$ 1.150.000,4.4187502,-75.1698692
https://www.fincaraiz.com.co/apartamento-en-arriendo-en-el-carmen-ibague/192650939,3,120.00  m2,16 a 30 años,3,1,¡Pregúntale!,3,¡Pregúntale!,4,¡Pregúntale!,¡Pregúntale!,¡Pregúntale!,¡Pregúntale!,¡Pregúntale!,$ 1.500.000,4.4395746120202,-75.228604956223
https://www.fincaraiz.com.co/apartamento-en-arriendo-en-la-samaria-ibague/192721671,2,58.00  m2,1 a 8 años,3,¡Pregúntale!,58.00  m2,3,"$ 190,000.00",¡Pregúntale!,¡Pregúntale!,¡Pregúntale!,¡Pregúntale!,¡Pregúntale!,¡Pregúntale!,$ 1.090.000,4.4216570942606,-75.171632766724
https://www.fincaraiz.com.co/apartamento-en-arriendo-en-picaleña-y-mirolindo-ibague/192627574,2,65 m2,9 a 15 años,3,1,¡Pregúntale!,3,¡Pregúntale!,7,¡Pregúntale!,¡Pregúntale!,Usado,¡Pregúntale!,¡Pregúntale!,$ 1.100.000,4.423600781248,-75.184960053752
https://www.fincaraiz.com.co/apartamento-en-arriendo-en-reservas-de-san-fermin-ibague/191707309,1,38 m2,1 a 8 años,3,¡Pregúntale!,¡Pregúntale!,2,$ 104.000,¡Pregúntale!,¡Pregúntale!,¡Pregúntale!,Usado,¡Pregúntale!,¡Pregúntale!,$ 446.000,4.451919,-75.1309956
https://www.fincaraiz.com.co/apartamento-en-arriendo-en-ibague/191707508,2,41 m2,1 a 8 años,3,1,¡Pregúntale!,3,$ 175.300,¡Pregúntale!,¡Pregúntale!,¡Pregúntale!,Usado,¡Pregúntale!,¡Pregúntale!,$ 554.700,4.45159,-75.14192
https://www.fincaraiz.com.co/apartamento-en-arriendo-en-la-samaria-ibague/192534472,2,53.00  m2,menor a 1 año,2,¡Pregúntale!,49.00  m2,3,"$ 170,000.00",¡Pregúntale!,¡Pregúntale!,¡Pregúntale!,¡Pregúntale!,¡Pregúntale!,¡Pregúntale!,$ 1.130.000,4.4216570942606,-75.171632766724
https://www.fincaraiz.com.co/apartamento-en-arriendo-en-picaleña-y-mirolindo-ibague/192644217,2,62.00  m2,1 a 8 años,3,1,¡Pregúntale!,3,¡Pregúntale!,8,¡Pregúntale!,¡Pregúntale!,¡Pregúntale!,¡Pregúntale!,¡Pregúntale!,$ 1.250.000,4.4146566,-75.1746476
https://www.fincaraiz.com.co/apartamento-en-arriendo-en-aparco-ibague/192676251,2,72.00  m2,1 a 8 años,3,1,67.00  m2,4,"$ 393,290.00",¡Pregúntale!,¡Pregúntale!,¡Pregúntale!,¡Pregúntale!,¡Pregúntale!,¡Pregúntale!,$ 1.206.710,4.3897289628639,-75.166443182526
https://www.fincaraiz.com.co/apartamento-en-arriendo-en-ibague/191707598,1,40.00  m2,1 a 8 años,2,¡Pregúntale!,¡Pregúntale!,2,¡Pregúntale!,¡Pregúntale!,¡Pregúntale!,¡Pregúntale!,¡Pregúntale!,¡Pregúntale!,¡Pregúntale!,$ 600.000,4.3958856332999,-75.136909727007
https://www.fincaraiz.com.co/apartamento-en-arriendo-en-ibague/191707560,2,49.00  m2,1 a 8 años,2,¡Pregúntale!,¡Pregúntale!,3,"$ 171,000.00",¡Pregúntale!,¡Pregúntale!,¡Pregúntale!,¡Pregúntale!,¡Pregúntale!,¡Pregúntale!,$ 529.000,4.4497190813049,-75.143250853167
https://www.fincaraiz.com.co/apartamento-en-arriendo-en-picaleña-y-mirolindo-ibague/192701677,2,58.00  m2,menor a 1 año,3,1,¡Pregúntale!,3,¡Pregúntale!,¡Pregúntale!,¡Pregúntale!,¡Pregúntale!,¡Pregúntale!,¡Pregúntale!,¡Pregúntale!,$ 850.000,4.3986426,-75.1477778
https://www.fincaraiz.com.co/apartamento-en-arriendo-en-comuna-08-ibague/192644229,2,57.00  m2,menor a 1 año,2,¡Pregúntale!,¡Pregúntale!,3,¡Pregúntale!,10,¡Pregúntale!,¡Pregúntale!,¡Pregúntale!,¡Pregúntale!,¡Pregúntale!,$ 1.150.000,4.4188866,-75.1699607
https://www.fincaraiz.com.co/apartamento-en-arriendo-en-picaleña-y-mirolindo-ibague/192744283,2,"69,42 m2",¡Pregúntale!,3,1,¡Pregúntale!,4,¡Pregúntale!,¡Pregúntale!,¡Pregúntale!,¡Pregúntale!,Usado,¡Pregúntale!,¡Pregúntale!,$ 1.950.000,4.4113238,-75.1712355
https://www.fincaraiz.com.co/apartamento-en-arriendo-en-picaleña-y-mirolindo-ibague/192699610,2,79.00  m2,1 a 8 años,3,1,79.00  m2,3,"$ 367,300.00",¡Pregúntale!,¡Pregúntale!,¡Pregúntale!,¡Pregúntale!,¡Pregúntale!,¡Pregúntale!,$ 1.232.700,4.4334449882144,-75.189270973206
https://www.fincaraiz.com.co/apartamento-en-arriendo-en-jose-maria-cordoba-parte-baja-ibague/192451380,2,74.00  m2,1 a 8 años,3,¡Pregúntale!,77.00  m2,3,"$ 212,400.00",5,¡Pregúntale!,¡Pregúntale!,¡Pregúntale!,5,¡Pregúntale!,$ 1.437.600,4.4476712356496,-75.210792609161
https://www.fincaraiz.com.co/apartamento-en-arriendo-en-ciudadela-comfenalco-ibague/192597387,2,52.00  m2,1 a 8 años,3,1,52.00  m2,3,¡Pregúntale!,¡Pregúntale!,¡Pregúntale!,¡Pregúntale!,¡Pregúntale!,¡Pregúntale!,¡Pregúntale!,$ 1.200.000,4.444676,-75.242438
https://www.fincaraiz.com.co/apartamento-en-arriendo-en-belalcazar-ibague/191344794,3,200.00  m2,16 a 30 años,4,¡Pregúntale!,196.00  m2,3,¡Pregúntale!,¡Pregúntale!,¡Pregúntale!,¡Pregúntale!,¡Pregúntale!,¡Pregúntale!,¡Pregúntale!,$ 3.000.000,4.4409932555375,-75.226097522809
https://www.fincaraiz.com.co/apartamento-en-arriendo-en-ub-alberto-lleras-ibague/192699977,2,47.00  m2,9 a 15 años,3,¡Pregúntale!,47.00  m2,3,"$ 173,000.00",¡Pregúntale!,¡Pregúntale!,¡Pregúntale!,¡Pregúntale!,¡Pregúntale!,¡Pregúntale!,$ 577.000,4.4495487444155,-75.160002708435
https://www.fincaraiz.com.co/apartamento-en-arriendo-en-cadiz-ibague/192828379,1,"54,35 m2",16 a 30 años,2,¡Pregúntale!,¡Pregúntale!,4,¡Pregúntale!,6,¡Pregúntale!,¡Pregúntale!,Usado,¡Pregúntale!,¡Pregúntale!,$ 1.100.000,4.4382063,-75.2167637
https://www.fincaraiz.com.co/apartamento-en-arriendo-en-comuna-08-ibague/192831208,2,56 m2,menor a 1 año,3,1,56 m2,3,¡Pregúntale!,¡Pregúntale!,¡Pregúntale!,¡Pregúntale!,Usado,¡Pregúntale!,¡Pregúntale!,$ 1.200.000,4.4216524,-75.1715956
https://www.fincaraiz.com.co/apartamento-en-arriendo-en-cn-parque-93-et-iii-ibague/192734124,2,85.00  m2,menor a 1 año,3,1,85.00  m2,4,¡Pregúntale!,15,¡Pregúntale!,¡Pregúntale!,¡Pregúntale!,¡Pregúntale!,¡Pregúntale!,$ 1.700.000,4.4322335,-75.1769936
https://www.fincaraiz.com.co/apartamento-en-arriendo-en-ub-los-ocobos-ibague/192680837,2,119.68  m2,¡Pregúntale!,3,1,¡Pregúntale!,4,¡Pregúntale!,¡Pregúntale!,¡Pregúntale!,¡Pregúntale!,¡Pregúntale!,¡Pregúntale!,¡Pregúntale!,$ 4.000.000,4.4389163,-75.1989264
https://www.fincaraiz.com.co/apartamento-en-arriendo-en-arkamonica-ibague/192308844,1,60.00  m2,1 a 8 años,1,1,¡Pregúntale!,4,¡Pregúntale!,8,¡Pregúntale!,¡Pregúntale!,¡Pregúntale!,¡Pregúntale!,¡Pregúntale!,$ 1.400.000,4.4426650420112,-75.204457920349
https://www.fincaraiz.com.co/apartamento-en-arriendo-en-la-samaria-ibague/192701345,2,80 m2,menor a 1 año,3,1,80 m2,4,$ 250.000,¡Pregúntale!,¡Pregúntale!,¡Pregúntale!,Usado,¡Pregúntale!,¡Pregúntale!,$ 1.750.000,4.4322335,-75.1769936
https://www.fincaraiz.com.co/apartamento-en-arriendo-en-picaleña-y-mirolindo-ibague/192807901,2,82 m2,1 a 8 años,3,1,82 m2,4,$ 330.000,¡Pregúntale!,¡Pregúntale!,¡Pregúntale!,Usado,¡Pregúntale!,¡Pregúntale!,$ 1.470.000,4.416277869328,-75.174679756165
https://www.fincaraiz.com.co/apartamento-en-arriendo-en-aparco-ibague/192558195,2,60 m2,menor a 1 año,2,¡Pregúntale!,54 m2,4,$ 291.693,¡Pregúntale!,¡Pregúntale!,¡Pregúntale!,Usado,¡Pregúntale!,¡Pregúntale!,$ 908.307,4.407550987977,-75.166782864913
https://www.fincaraiz.com.co/apartamento-en-arriendo-en-picaleña-y-mirolindo-ibague/192764820,2,76 m2,1 a 8 años,3,1,76 m2,4,¡Pregúntale!,11,¡Pregúntale!,¡Pregúntale!,Usado,¡Pregúntale!,¡Pregúntale!,$ 2.400.000,4.4250522,-75.1831023
https://www.fincaraiz.com.co/apartamento-en-arriendo-en-centro-ibague/191180666,4,232.00  m2,16 a 30 años,5,2,232.00  m2,4,¡Pregúntale!,7,¡Pregúntale!,¡Pregúntale!,¡Pregúntale!,7,¡Pregúntale!,$ 3.200.000,4.44444,-75.2400164
https://www.fincaraiz.com.co/apartamento-en-arriendo-en-belalcazar-ibague/191344912,3,300.00  m2,16 a 30 años,8,¡Pregúntale!,300.00  m2,3,¡Pregúntale!,¡Pregúntale!,¡Pregúntale!,¡Pregúntale!,¡Pregúntale!,¡Pregúntale!,¡Pregúntale!,$ 5.000.000,4.4409932555375,-75.226097522809
https://www.fincaraiz.com.co/apartamento-en-arriendo-en-picaleña-y-mirolindo-ibague/192835505,2,62 m2,1 a 8 años,3,1,62 m2,3,¡Pregúntale!,11,¡Pregúntale!,¡Pregúntale!,Usado,¡Pregúntale!,¡Pregúntale!,$ 1.600.000,4.4202774313409,-75.177088155431
https://www.fincaraiz.com.co/apartamento-en-arriendo-en-aparco-ibague/192771339,2,79 m2,1 a 8 años,3,1,79 m2,4,$ 220.000,18,¡Pregúntale!,¡Pregúntale!,Nuevo,¡Pregúntale!,¡Pregúntale!,$ 2.300.000,4.4176778354272,-75.17858505249
https://www.fincaraiz.com.co/apartamento-en-arriendo-en-picaleña-y-mirolindo-ibague/192624465,2,69.00  m2,¡Pregúntale!,3,1,69.00  m2,4,¡Pregúntale!,¡Pregúntale!,¡Pregúntale!,¡Pregúntale!,¡Pregúntale!,¡Pregúntale!,¡Pregúntale!,$ 1.900.000,4.4061649,-75.1682223
https://www.fincaraiz.com.co/apartamento-en-arriendo-en-altos-de-santa-helena-ibague/10589842,2,92.00  m2,9 a 15 años,3,1,92.00  m2,4,¡Pregúntale!,3,¡Pregúntale!,¡Pregúntale!,¡Pregúntale!,3,¡Pregúntale!,$ 1.800.000,4.4293682,-75.2123785
https://www.fincaraiz.com.co/apartamento-en-arriendo-en-picaleña-y-mirolindo-ibague/191193118,2,60.00  m2,1 a 8 años,3,1,¡Pregúntale!,3,¡Pregúntale!,7,¡Pregúntale!,¡Pregúntale!,¡Pregúntale!,7,¡Pregúntale!,$ 1.050.000,4.4180439,-75.1789961
https://www.fincaraiz.com.co/apartamento-en-arriendo-en-picaleña-y-mirolindo-ibague/192773989,2,65 m2,1 a 8 años,3,1,¡Pregúntale!,3,¡Pregúntale!,9,¡Pregúntale!,¡Pregúntale!,Usado,¡Pregúntale!,¡Pregúntale!,$ 1.100.000,4.4212065,-75.1787172
https://www.fincaraiz.com.co/apartamento-en-arriendo-en-varsovia-ibague/192703605,2,63.00  m2,1 a 8 años,2,1,¡Pregúntale!,4,¡Pregúntale!,1,¡Pregúntale!,¡Pregúntale!,¡Pregúntale!,¡Pregúntale!,¡Pregúntale!,$ 1.400.000,4.4278904,-75.1944134
https://www.fincaraiz.com.co/apartamento-en-arriendo-en-aparco-ibague/192659533,2,56.00  m2,menor a 1 año,3,¡Pregúntale!,50.00  m2,3,"$ 250,000.00",¡Pregúntale!,¡Pregúntale!,¡Pregúntale!,¡Pregúntale!,¡Pregúntale!,¡Pregúntale!,$ 1.050.000,4.4096103649712,-75.168881422126
https://www.fincaraiz.com.co/apartamento-en-arriendo-en-picalena-sector-rural-ibague/191760045,2,61.00  m2,9 a 15 años,3,1,61.00  m2,3,"$ 224,000.00",¡Pregúntale!,¡Pregúntale!,¡Pregúntale!,¡Pregúntale!,¡Pregúntale!,¡Pregúntale!,$ 800.000,4.4010747521381,-75.141152394957
https://www.fincaraiz.com.co/apartamento-en-arriendo-en-picaleña-y-mirolindo-ibague/192771064,1,46 m2,1 a 8 años,2,¡Pregúntale!,¡Pregúntale!,3,¡Pregúntale!,5,¡Pregúntale!,¡Pregúntale!,Usado,¡Pregúntale!,¡Pregúntale!,$ 650.000,4.3961877,-75.1442035
https://www.fincaraiz.com.co/apartamento-en-arriendo-en-ub-bosque-nativo-et-iii-ibague/192701218,2,90.00  m2,1 a 8 años,2,1,¡Pregúntale!,4,¡Pregúntale!,4,¡Pregúntale!,¡Pregúntale!,¡Pregúntale!,¡Pregúntale!,¡Pregúntale!,$ 1.720.000,4.4475546,-75.199221
https://www.fincaraiz.com.co/apartamento-en-arriendo-en-picaleña-y-mirolindo-ibague/192308777,2,60.00  m2,1 a 8 años,3,1,¡Pregúntale!,2,¡Pregúntale!,11,¡Pregúntale!,¡Pregúntale!,¡Pregúntale!,¡Pregúntale!,¡Pregúntale!,$ 1.300.000,4.4173778477562,-75.178665798462
https://www.fincaraiz.com.co/apartamento-en-arriendo-en-picaleña-y-mirolindo-ibague/192793686,2,64 m2,¡Pregúntale!,3,1,¡Pregúntale!,3,¡Pregúntale!,¡Pregúntale!,¡Pregúntale!,¡Pregúntale!,Usado,¡Pregúntale!,¡Pregúntale!,$ 1.100.000,4.4191468,-75.1751706
https://www.fincaraiz.com.co/apartamento-en-arriendo-en-picaleña-y-mirolindo-ibague/192627387,2,60 m2,9 a 15 años,3,1,¡Pregúntale!,3,$ 222.000,¡Pregúntale!,¡Pregúntale!,¡Pregúntale!,Usado,¡Pregúntale!,¡Pregúntale!,$ 1.058.000,4.4052521247579,-75.142201306298
https://www.fincaraiz.com.co/apartamento-en-arriendo-en-san-martin-ibague/192553297,2,60.00  m2,1 a 8 años,3,¡Pregúntale!,¡Pregúntale!,3,¡Pregúntale!,4,¡Pregúntale!,¡Pregúntale!,¡Pregúntale!,4,¡Pregúntale!,$ 900.000,4.390834,-75.1435111
https://www.fincaraiz.com.co/apartamento-en-arriendo-en-el-salado-ibague/192778803,2,68 m2,9 a 15 años,3,1,60 m2,3,$ 190.000,¡Pregúntale!,¡Pregúntale!,¡Pregúntale!,Usado,¡Pregúntale!,¡Pregúntale!,$ 910.000,4.4469263,-75.1549713
https://www.fincaraiz.com.co/apartamento-en-arriendo-en-ibague/192025256,1,45 m2,1 a 8 años,2,¡Pregúntale!,¡Pregúntale!,2,$ 97.300,¡Pregúntale!,¡Pregúntale!,¡Pregúntale!,Usado,¡Pregúntale!,¡Pregúntale!,$ 402.700,4.404815631174,-75.141540057957
https://www.fincaraiz.com.co/apartamento-en-arriendo-en-ibague/191997245,2,78 m2,1 a 8 años,3,2,69 m2,4,$ 328.500,¡Pregúntale!,¡Pregúntale!,¡Pregúntale!,Usado,¡Pregúntale!,¡Pregúntale!,$ 1.671.500,4.4062426959788,-75.168144225846
https://www.fincaraiz.com.co/apartamento-en-arriendo-en-picaleña-y-mirolindo-ibague/192699611,2,63 m2,1 a 8 años,3,1,58 m2,3,$ 178.000,¡Pregúntale!,¡Pregúntale!,¡Pregúntale!,Usado,¡Pregúntale!,¡Pregúntale!,$ 572.000,4.3946068064534,-75.143557079136
https://www.fincaraiz.com.co/apartamento-en-arriendo-en-centro-ibague/192829371,3,155 m2,16 a 30 años,3,1,¡Pregúntale!,4,¡Pregúntale!,2,¡Pregúntale!,¡Pregúntale!,Usado,¡Pregúntale!,¡Pregúntale!,$ 3.000.000,4.444676,-75.242438
https://www.fincaraiz.com.co/apartamento-en-arriendo-en-picaleña-y-mirolindo-ibague/192818392,1,42 m2,1 a 8 años,2,¡Pregúntale!,42 m2,2,$ 110.000,¡Pregúntale!,¡Pregúntale!,¡Pregúntale!,Usado,¡Pregúntale!,¡Pregúntale!,$ 590.000,4.3999581080397,-75.141763687134
https://www.fincaraiz.com.co/apartamento-en-arriendo-en-picaleña-y-mirolindo-ibague/192805325,3,88 m2,menor a 1 año,3,1,88 m2,4,¡Pregúntale!,¡Pregúntale!,¡Pregúntale!,¡Pregúntale!,Usado,¡Pregúntale!,¡Pregúntale!,$ 2.000.000,4.4304991,-75.1857215
https://www.fincaraiz.com.co/apartamento-en-arriendo-en-bolivar-ibague/192569210,2,74.00  m2,1 a 8 años,3,1,¡Pregúntale!,4,¡Pregúntale!,15,¡Pregúntale!,¡Pregúntale!,¡Pregúntale!,¡Pregúntale!,¡Pregúntale!,$ 1.500.000,4.4311275,-75.1802893
https://www.fincaraiz.com.co/apartamento-en-arriendo-en-picaleña-y-mirolindo-ibague/192618471,2,80.00  m2,¡Pregúntale!,3,1,¡Pregúntale!,3,¡Pregúntale!,¡Pregúntale!,¡Pregúntale!,¡Pregúntale!,¡Pregúntale!,¡Pregúntale!,¡Pregúntale!,$ 1.800.000,4.4182171,-75.1741764
https://www.fincaraiz.com.co/apartamento-en-arriendo-en-yerbabuena-ibague/192676571,2,68.00  m2,¡Pregúntale!,3,1,68.00  m2,3,¡Pregúntale!,¡Pregúntale!,¡Pregúntale!,¡Pregúntale!,¡Pregúntale!,¡Pregúntale!,¡Pregúntale!,$ 1.300.000,4.4434885,-75.171384
https://www.fincaraiz.com.co/apartamento-en-arriendo-en-vergel-ibague/192758941,4,250 m2,1 a 8 años,4,5,250 m2,6,$ 1.040.000,8,¡Pregúntale!,¡Pregúntale!,Usado,¡Pregúntale!,¡Pregúntale!,$ 8.000.000,4.4506916,-75.1975684
https://www.fincaraiz.com.co/apartamento-en-arriendo-en-san-lucas-et-i-ibague/192713350,2,58 m2,9 a 15 años,3,1,¡Pregúntale!,3,¡Pregúntale!,8,¡Pregúntale!,¡Pregúntale!,Usado,¡Pregúntale!,¡Pregúntale!,$ 800.000,4.4466481,-75.152505
https://www.fincaraiz.com.co/apartamento-en-arriendo-en-prados-del-norte-ibague/192829838,3,170 m2,1 a 8 años,4,2,170 m2,4,¡Pregúntale!,11,¡Pregúntale!,¡Pregúntale!,Usado,¡Pregúntale!,¡Pregúntale!,$ 4.500.000,4.441244,-75.2012671
https://www.fincaraiz.com.co/apartamento-en-arriendo-en-comuna-08-ibague/192676772,1,52.00  m2,1 a 8 años,2,1,52.00  m2,3,¡Pregúntale!,4,¡Pregúntale!,¡Pregúntale!,¡Pregúntale!,¡Pregúntale!,¡Pregúntale!,$ 850.000,4.4202018412393,-75.170597713745
https://www.fincaraiz.com.co/apartamento-en-arriendo-en-picaleña-y-mirolindo-ibague/192283907,2,68.00  m2,1 a 8 años,3,¡Pregúntale!,¡Pregúntale!,2,¡Pregúntale!,4,¡Pregúntale!,¡Pregúntale!,¡Pregúntale!,¡Pregúntale!,¡Pregúntale!,$ 950.000,4.3957307,-75.1365384
https://www.fincaraiz.com.co/apartamento-en-arriendo-en-ancon-tesorito-sector-el-triunfo-ibague/192333836,2,45.00  m2,menor a 1 año,2,¡Pregúntale!,¡Pregúntale!,2,¡Pregúntale!,9,¡Pregúntale!,¡Pregúntale!,¡Pregúntale!,9,¡Pregúntale!,$ 1.500.000,4.4572585,-75.2048613
https://www.fincaraiz.com.co/apartamento-en-arriendo-en-picaleña-y-mirolindo-ibague/192154336,2,70.00  m2,¡Pregúntale!,3,1,¡Pregúntale!,4,¡Pregúntale!,¡Pregúntale!,¡Pregúntale!,¡Pregúntale!,¡Pregúntale!,¡Pregúntale!,¡Pregúntale!,$ 2.150.000,4.4212065,-75.1787172
https://www.fincaraiz.com.co/apartamento-en-arriendo-en-arkalucia-ibague/192712536,2,94 m2,1 a 8 años,3,1,84 m2,4,$ 466.000,¡Pregúntale!,¡Pregúntale!,¡Pregúntale!,Usado,¡Pregúntale!,¡Pregúntale!,$ 2.534.000,4.4400254554759,-75.199466720223
https://www.fincaraiz.com.co/apartamento-en-arriendo-en-ibague/192725906,2,56 m2,¡Pregúntale!,3,1,56 m2,4,$ 190.000,2,¡Pregúntale!,¡Pregúntale!,Nuevo,¡Pregúntale!,¡Pregúntale!,$ 1.300.000,4.4101631822371,-75.170001983643
https://www.fincaraiz.com.co/apartamento-en-arriendo-en-picaleñita-ibague/192335140,2,60.00  m2,1 a 8 años,3,1,60.00  m2,3,¡Pregúntale!,¡Pregúntale!,¡Pregúntale!,¡Pregúntale!,¡Pregúntale!,¡Pregúntale!,¡Pregúntale!,$ 2.000.000,4.4006855183808,-75.159273147583
https://www.fincaraiz.com.co/apartamento-en-arriendo-en-cd-simon-bolivar-et-i-ibague/192683852,2,50.00  m2,1 a 8 años,3,¡Pregúntale!,50.00  m2,3,"$ 153,000.00",¡Pregúntale!,¡Pregúntale!,¡Pregúntale!,¡Pregúntale!,¡Pregúntale!,¡Pregúntale!,$ 1.047.000,4.4311933224394,-75.184507369995
https://www.fincaraiz.com.co/apartamento-en-arriendo-en-arkamonica-ibague/192443048,1,57.00  m2,menor a 1 año,1,1,57.00  m2,4,"$ 150,000.00",¡Pregúntale!,¡Pregúntale!,¡Pregúntale!,¡Pregúntale!,¡Pregúntale!,¡Pregúntale!,$ 1.550.000,4.4418979691216,-75.207027117622
https://www.fincaraiz.com.co/apartamento-en-arriendo-en-picaleña-y-mirolindo-ibague/192831608,1,39 m2,1 a 8 años,2,¡Pregúntale!,39 m2,2,$ 119.600,¡Pregúntale!,¡Pregúntale!,¡Pregúntale!,Usado,¡Pregúntale!,¡Pregúntale!,$ 480.400,4.3923072192132,-75.142806060612
https://www.fincaraiz.com.co/apartamento-en-arriendo-en-ibague/192246994,2,74.00  m2,1 a 8 años,3,1,74.00  m2,3,"$ 239,500.00",¡Pregúntale!,¡Pregúntale!,¡Pregúntale!,¡Pregúntale!,¡Pregúntale!,¡Pregúntale!,$ 1.060.500,4.4255454,-75.1778643
https://www.fincaraiz.com.co/apartamento-en-arriendo-en-interlaken-ibague/192837416,2,90 m2,1 a 8 años,3,1,82 m2,4,$ 422.000,¡Pregúntale!,¡Pregúntale!,¡Pregúntale!,Usado,¡Pregúntale!,¡Pregúntale!,$ 1.378.000,4.4457240673077,-75.233808048069
https://www.fincaraiz.com.co/apartamento-en-arriendo-en-la-pola-ibague/192163448,1,36.00  m2,1 a 8 años,2,¡Pregúntale!,36.00  m2,3,¡Pregúntale!,¡Pregúntale!,¡Pregúntale!,¡Pregúntale!,¡Pregúntale!,¡Pregúntale!,¡Pregúntale!,$ 900.000,4.4489411746247,-75.244697690941
https://www.fincaraiz.com.co/apartamento-en-arriendo-en-belalcazar-ibague/192444184,1,75.00  m2,9 a 15 años,3,¡Pregúntale!,75.00  m2,3,¡Pregúntale!,¡Pregúntale!,¡Pregúntale!,¡Pregúntale!,¡Pregúntale!,¡Pregúntale!,¡Pregúntale!,$ 900.000,4.44108375555,-75.222452029224
https://www.fincaraiz.com.co/apartamento-en-arriendo-en-cd-simon-bolivar-et-i-ibague/192667146,2,66.00  m2,1 a 8 años,3,1,55.00  m2,3,"$ 160,000.00",¡Pregúntale!,¡Pregúntale!,¡Pregúntale!,¡Pregúntale!,¡Pregúntale!,¡Pregúntale!,$ 1.140.000,4.432456370876,-75.181154588043
https://www.fincaraiz.com.co/apartamento-en-arriendo-en-yerbabuena-ibague/192826764,2,72 m2,9 a 15 años,3,1,72 m2,4,¡Pregúntale!,6,¡Pregúntale!,¡Pregúntale!,Usado,¡Pregúntale!,¡Pregúntale!,$ 1.350.000,4.4432817079147,-75.171347377531
https://www.fincaraiz.com.co/apartamento-en-arriendo-en-cn-rincon-del-bosque-ibague/192807929,2,60 m2,9 a 15 años,3,1,60 m2,3,$ 218.200,¡Pregúntale!,¡Pregúntale!,¡Pregúntale!,Usado,¡Pregúntale!,¡Pregúntale!,$ 950.000,4.4466229116676,-75.172883514315
https://www.fincaraiz.com.co/apartamento-en-arriendo-en-varsovia-ibague/192785085,2,67 m2,1 a 8 años,3,1,64 m2,4,$ 268.950,¡Pregúntale!,¡Pregúntale!,¡Pregúntale!,Usado,¡Pregúntale!,¡Pregúntale!,$ 1.106.756,4.4302563,-75.1969424
https://www.fincaraiz.com.co/apartamento-en-arriendo-en-vergel-ibague/192773032,2,90 m2,9 a 15 años,3,1,90 m2,6,$ 380.000,5,¡Pregúntale!,¡Pregúntale!,Usado,¡Pregúntale!,¡Pregúntale!,$ 2.400.000,4.4467302113487,-75.188477039337
https://www.fincaraiz.com.co/apartamento-en-arriendo-en-el-salado-ibague/192712537,1,42 m2,9 a 15 años,3,¡Pregúntale!,41 m2,3,¡Pregúntale!,¡Pregúntale!,¡Pregúntale!,¡Pregúntale!,Usado,¡Pregúntale!,¡Pregúntale!,$ 850.000,4.450532821731,-75.14365196228
https://www.fincaraiz.com.co/apartamento-en-arriendo-en-picaleña-y-mirolindo-ibague/192618725,2,73.00  m2,1 a 8 años,3,1,73.00  m2,4,"$ 230,300.00",¡Pregúntale!,¡Pregúntale!,¡Pregúntale!,¡Pregúntale!,¡Pregúntale!,¡Pregúntale!,$ 1.179.700,4.4281860156573,-75.19597329361
https://www.fincaraiz.com.co/apartamento-en-arriendo-en-picaleñita-ibague/192460901,2,60 m2,1 a 8 años,3,1,60 m2,3,$ 175.000,¡Pregúntale!,¡Pregúntale!,¡Pregúntale!,Usado,¡Pregúntale!,¡Pregúntale!,$ 925.000,4.4015038541649,-75.159058570862
https://www.fincaraiz.com.co/apartamento-en-arriendo-en-ub-entre-rios-et-ii-ibague/192732096,2,66.00  m2,9 a 15 años,3,1,66.00  m2,3,"$ 246,000.00",¡Pregúntale!,¡Pregúntale!,¡Pregúntale!,¡Pregúntale!,¡Pregúntale!,¡Pregúntale!,$ 1.054.000,4.4458263531101,-75.188798904419
https://www.fincaraiz.com.co/apartamento-en-arriendo-en-cd-simon-bolivar-et-i-ibague/192808008,2,55 m2,1 a 8 años,3,1,55 m2,3,$ 207.500,¡Pregúntale!,¡Pregúntale!,¡Pregúntale!,Usado,¡Pregúntale!,¡Pregúntale!,$ 742.500,4.4323945348373,-75.179664138705
https://www.fincaraiz.com.co/apartamento-en-arriendo-en-picaleña-y-mirolindo-ibague/192648402,2,68.00  m2,1 a 8 años,3,1,68.00  m2,4,"$ 295,900.00",¡Pregúntale!,¡Pregúntale!,¡Pregúntale!,¡Pregúntale!,¡Pregúntale!,¡Pregúntale!,$ 1.494.100,4.4295172,-75.1890858
https://www.fincaraiz.com.co/apartamento-en-arriendo-en-la-samaria-ibague/192835459,1,42 m2,1 a 8 años,2,¡Pregúntale!,42 m2,2,$ 125.000,¡Pregúntale!,¡Pregúntale!,¡Pregúntale!,Usado,¡Pregúntale!,¡Pregúntale!,$ 625.000,4.4265273,-75.1774323
https://www.fincaraiz.com.co/apartamento-en-arriendo-en-piedra-pintada-ibague/192747728,1,38 m2,9 a 15 años,1,1,38 m2,4,¡Pregúntale!,¡Pregúntale!,¡Pregúntale!,¡Pregúntale!,Usado,¡Pregúntale!,¡Pregúntale!,$ 1.250.000,4.4365522,-75.2055862
https://www.fincaraiz.com.co/apartamento-en-arriendo-en-la-samaria-ibague/192784547,2,77 m2,1 a 8 años,3,1,77 m2,4,$ 235.600,¡Pregúntale!,¡Pregúntale!,¡Pregúntale!,Usado,¡Pregúntale!,¡Pregúntale!,$ 1.714.400,4.4309793870922,-75.175495147705
https://www.fincaraiz.com.co/apartamento-en-arriendo-en-ibague/192155271,2,65.00  m2,1 a 8 años,3,1,65.00  m2,2,¡Pregúntale!,2,¡Pregúntale!,¡Pregúntale!,¡Pregúntale!,¡Pregúntale!,¡Pregúntale!,$ 200.000,4.3924753677863,-75.140519142151
https://www.fincaraiz.com.co/apartamento-en-arriendo-en-rincon-de-piedra-pintada-ibague/192712224,2,60.00  m2,16 a 30 años,2,1,60.00  m2,4,"$ 242,000.00",¡Pregúntale!,¡Pregúntale!,¡Pregúntale!,¡Pregúntale!,¡Pregúntale!,¡Pregúntale!,$ 1.258.000,4.4402667986557,-75.205204440745
https://www.fincaraiz.com.co/apartamento-en-arriendo-en-picaleña-y-mirolindo-ibague/192835522,2,62 m2,1 a 8 años,3,1,62 m2,3,$ 218.800,¡Pregúntale!,¡Pregúntale!,¡Pregúntale!,Usado,¡Pregúntale!,¡Pregúntale!,$ 981.200,4.4169258029081,-75.177324156622
https://www.fincaraiz.com.co/apartamento-en-arriendo-en-san-simon-parte-alta-ibague/192835647,1,50 m2,9 a 15 años,2,1,50 m2,4,$ 233.200,¡Pregúntale!,¡Pregúntale!,¡Pregúntale!,Usado,¡Pregúntale!,¡Pregúntale!,$ 1.366.800,4.4380822,-75.2164781
https://www.fincaraiz.com.co/apartamento-en-arriendo-en-vergel-ibague/192689744,4,212 m2,1 a 8 años,4,2,212 m2,5,$ 1.000.000,2,¡Pregúntale!,¡Pregúntale!,Usado,¡Pregúntale!,¡Pregúntale!,$ 5.500.000,4.4548702337828,-75.194254517555
https://www.fincaraiz.com.co/apartamento-en-arriendo-en-picaleña-y-mirolindo-ibague/192447633,2,55 m2,1 a 8 años,3,¡Pregúntale!,50 m2,3,$ 154.000,¡Pregúntale!,¡Pregúntale!,¡Pregúntale!,Usado,¡Pregúntale!,¡Pregúntale!,$ 546.000,4.3913147072807,-75.140562057495
https://www.fincaraiz.com.co/apartamento-en-arriendo-en-aparco-ibague/192802979,2,61 m2,1 a 8 años,3,1,57 m2,3,$ 184.000,¡Pregúntale!,¡Pregúntale!,¡Pregúntale!,Usado,¡Pregúntale!,¡Pregúntale!,$ 1.140.000,4.410013,-75.169859
https://www.fincaraiz.com.co/apartamento-en-arriendo-en-picaleña-y-mirolindo-ibague/192338349,2,50 m2,1 a 8 años,2,¡Pregúntale!,50 m2,3,$ 154.000,¡Pregúntale!,¡Pregúntale!,¡Pregúntale!,Usado,¡Pregúntale!,¡Pregúntale!,$ 546.000,4.3913147072807,-75.140562057495
https://www.fincaraiz.com.co/apartamento-en-arriendo-en-ambala-ibague/192833753,2,63 m2,1 a 8 años,3,1,58 m2,3,$ 206.400,¡Pregúntale!,¡Pregúntale!,¡Pregúntale!,Usado,¡Pregúntale!,¡Pregúntale!,$ 980.000,4.4530625361833,-75.203765630722
https://www.fincaraiz.com.co/apartamento-en-arriendo-en-picaleña-y-mirolindo-ibague/192338376,1,45 m2,1 a 8 años,2,¡Pregúntale!,45 m2,2,¡Pregúntale!,¡Pregúntale!,¡Pregúntale!,¡Pregúntale!,Usado,¡Pregúntale!,¡Pregúntale!,$ 500.000,4.404815631174,-75.141540057957
https://www.fincaraiz.com.co/apartamento-en-arriendo-en-la-samaria-ibague/192835440,2,63 m2,1 a 8 años,3,1,60 m2,3,$ 196.000,¡Pregúntale!,¡Pregúntale!,¡Pregúntale!,Usado,¡Pregúntale!,¡Pregúntale!,$ 894.000,4.426997513032,-75.172644554492
https://www.fincaraiz.com.co/apartamento-en-arriendo-en-la-samaria-ibague/192835468,2,56 m2,menor a 1 año,3,¡Pregúntale!,56 m2,3,$ 187.591,¡Pregúntale!,¡Pregúntale!,¡Pregúntale!,Usado,¡Pregúntale!,¡Pregúntale!,$ 972.409,4.4217770752068,-75.171541607904
https://www.fincaraiz.com.co/apartamento-en-arriendo-en-el-salado-ibague/192641366,2,69.00  m2,1 a 8 años,3,1,69.00  m2,3,"$ 210,000.00",¡Pregúntale!,¡Pregúntale!,¡Pregúntale!,¡Pregúntale!,¡Pregúntale!,¡Pregúntale!,$ 762.000,4.4461857,-75.1548884
https://www.fincaraiz.com.co/apartamento-en-arriendo-en-picaleña-y-mirolindo-ibague/192322416,2,74.00  m2,1 a 8 años,3,1,74.00  m2,4,"$ 240,000.00",¡Pregúntale!,¡Pregúntale!,¡Pregúntale!,¡Pregúntale!,¡Pregúntale!,¡Pregúntale!,$ 1.110.000,4.4183293190763,-75.17878662097
https://www.fincaraiz.com.co/apartamento-en-arriendo-en-aparco-ibague/192646191,2,80.00  m2,1 a 8 años,3,1,80.00  m2,4,"$ 281,000.00",¡Pregúntale!,¡Pregúntale!,¡Pregúntale!,¡Pregúntale!,¡Pregúntale!,¡Pregúntale!,$ 1.719.000,4.4062176,-75.1681415
https://www.fincaraiz.com.co/apartamento-en-arriendo-en-santa-ana-ibague/192737003,2,56 m2,9 a 15 años,3,1,50 m2,3,$ 185.000,¡Pregúntale!,¡Pregúntale!,¡Pregúntale!,Usado,¡Pregúntale!,¡Pregúntale!,$ 848.000,4.4441996004139,-75.1660849687
https://www.fincaraiz.com.co/apartamento-en-arriendo-en-picaleña-y-mirolindo-ibague/192812091,2,64 m2,menor a 1 año,3,1,52 m2,3,$ 188.000,¡Pregúntale!,¡Pregúntale!,¡Pregúntale!,Usado,¡Pregúntale!,¡Pregúntale!,$ 1.012.000,4.4148736218517,-75.175191521776
https://www.fincaraiz.com.co/apartamento-en-arriendo-en-picaleña-y-mirolindo-ibague/192610706,2,60.00  m2,9 a 15 años,3,1,¡Pregúntale!,3,"$ 222,000.00",¡Pregúntale!,¡Pregúntale!,¡Pregúntale!,¡Pregúntale!,¡Pregúntale!,¡Pregúntale!,$ 758.000,4.4052521247579,-75.142201306298
https://www.fincaraiz.com.co/apartamento-en-arriendo-en-picaleñita-ibague/192276546,2,63 m2,1 a 8 años,2,¡Pregúntale!,63 m2,2,$ 187.400,¡Pregúntale!,¡Pregúntale!,¡Pregúntale!,Usado,¡Pregúntale!,¡Pregúntale!,$ 512.600,4.3951389965878,-75.127258300781
https://www.fincaraiz.com.co/apartamento-en-arriendo-en-ub-villa-clara-et-ii-ibague/192701583,2,60.00  m2,9 a 15 años,3,1,60.00  m2,3,"$ 190,000.00",¡Pregúntale!,¡Pregúntale!,¡Pregúntale!,¡Pregúntale!,¡Pregúntale!,¡Pregúntale!,$ 710.000,4.4474568,-75.1527595
https://www.fincaraiz.com.co/apartamento-en-arriendo-en-villa-marina-ibague/192747553,2,69 m2,1 a 8 años,3,1,65 m2,3,$ 330.000,¡Pregúntale!,¡Pregúntale!,¡Pregúntale!,Usado,¡Pregúntale!,¡Pregúntale!,$ 789.000,4.4078178,-75.1634725
https://www.fincaraiz.com.co/apartamento-en-arriendo-en-miramar-ibague/192275237,2,64 m2,1 a 8 años,3,1,60 m2,2,$ 140.000,8,¡Pregúntale!,¡Pregúntale!,Usado,8,¡Pregúntale!,$ 750.000,4.4191296,-75.2552332
https://www.fincaraiz.com.co/apartamento-en-arriendo-en-ub-fuente-real-ibague/191793777,2,64.00  m2,9 a 15 años,2,1,64.00  m2,2,¡Pregúntale!,3,¡Pregúntale!,¡Pregúntale!,¡Pregúntale!,3,¡Pregúntale!,$ 850.000,4.4462007,-75.1577607
https://www.fincaraiz.com.co/apartamento-en-arriendo-en-la-samaria-ibague/10862440,2,63.23  m2,menor a 1 año,3,¡Pregúntale!,63.23  m2,3,¡Pregúntale!,12,¡Pregúntale!,¡Pregúntale!,¡Pregúntale!,¡Pregúntale!,¡Pregúntale!,$ 1.100.000,4.42709644978499,-75.17134308815
https://www.fincaraiz.com.co/apartamento-en-arriendo-en-nuevo-bilbao-ibague/10868853,2,59.00  m2,9 a 15 años,3,1,59.00  m2,3,¡Pregúntale!,5,¡Pregúntale!,¡Pregúntale!,¡Pregúntale!,¡Pregúntale!,¡Pregúntale!,$ 780.000,4.446612,-75.1526
https://www.fincaraiz.com.co/apartamento-en-arriendo-en-picaleña-y-mirolindo-ibague/191221708,2,73.00  m2,1 a 8 años,3,1,68.00  m2,4,¡Pregúntale!,14,¡Pregúntale!,¡Pregúntale!,¡Pregúntale!,14,¡Pregúntale!,$ 1.200.000,4.4178738,-75.1825584
https://www.fincaraiz.com.co/apartamento-en-arriendo-en-cd-simon-bolivar-et-i-ibague/191846182,2,60 m2,menor a 1 año,3,1,60 m2,3,¡Pregúntale!,12,¡Pregúntale!,¡Pregúntale!,Usado,12,¡Pregúntale!,$ 1.050.000,4.4332639688158,-75.180303458023
https://www.fincaraiz.com.co/apartamento-en-arriendo-en-nuevo-bilbao-ibague/10843004,2,67.00  m2,9 a 15 años,3,1,67.00  m2,3,¡Pregúntale!,5,¡Pregúntale!,¡Pregúntale!,¡Pregúntale!,¡Pregúntale!,¡Pregúntale!,$ 850.000,4.44610981173033,-75.1548547289851
https://www.fincaraiz.com.co/apartamento-en-arriendo-en-gaitan-ibague/10870508,2,110.00  m2,16 a 30 años,4,¡Pregúntale!,110.00  m2,3,¡Pregúntale!,3,¡Pregúntale!,¡Pregúntale!,¡Pregúntale!,¡Pregúntale!,¡Pregúntale!,$ 900.000,4.44356315787229,-75.2109801510533
https://www.fincaraiz.com.co/apartamento-en-arriendo-en-comuna-08-ibague/10869118,2,52.00  m2,1 a 8 años,2,1,52.00  m2,3,"$ 140,000.00",3,¡Pregúntale!,¡Pregúntale!,¡Pregúntale!,¡Pregúntale!,¡Pregúntale!,$ 900.000,4.42160628400276,-75.1712565869084
https://www.fincaraiz.com.co/apartamento-en-arriendo-en-picaleña-y-mirolindo-ibague/10865233,1,43.00  m2,menor a 1 año,2,1,43.00  m2,2,¡Pregúntale!,1,¡Pregúntale!,¡Pregúntale!,¡Pregúntale!,¡Pregúntale!,¡Pregúntale!,$ 600.000,4.39799506264465,-75.1482916893745
https://www.fincaraiz.com.co/apartamento-en-arriendo-en-picaleña-y-mirolindo-ibague/192779089,1,52 m2,1 a 8 años,2,¡Pregúntale!,48 m2,3,¡Pregúntale!,5,¡Pregúntale!,¡Pregúntale!,Usado,¡Pregúntale!,¡Pregúntale!,$ 570.000,4.3902751,-75.1406345
https://www.fincaraiz.com.co/apartamento-en-arriendo-en-ibague/192837618,2,56 m2,menor a 1 año,2,¡Pregúntale!,56 m2,3,¡Pregúntale!,7,¡Pregúntale!,¡Pregúntale!,Usado,¡Pregúntale!,¡Pregúntale!,$ 1.000.000,4.4189575,-75.1701309
https://www.fincaraiz.com.co/apartamento-en-arriendo-en-picaleña-y-mirolindo-ibague/191718122,2,60.00  m2,1 a 8 años,3,1,¡Pregúntale!,4,¡Pregúntale!,9,¡Pregúntale!,¡Pregúntale!,¡Pregúntale!,9,¡Pregúntale!,$ 1.200.000,4.4179901,-75.1788817
https://www.fincaraiz.com.co/apartamento-en-arriendo-en-picaleña-y-mirolindo-ibague/10858879,2,62 m2,menor a 1 año,2,1,62 m2,3,¡Pregúntale!,8,¡Pregúntale!,¡Pregúntale!,¡Pregúntale!,¡Pregúntale!,¡Pregúntale!,$ 1.100.000,4.42445967771127,-75.180816599252
